artifact,category,role,source_status,publication_note
new_seed_experiment.ipynb,final_experiment,Main 5000-episode multi-seed experiment,source_notebook_preserved,"Raw .pt logs were generated by the notebook but are not currently recovered."
Improve_the_CGAWM.ipynb,supporting_experiment,Five-condition ablation development/executions,source_notebook_preserved,"Historical thesis values are separately labeled; notebook contains multiple executions."
new_test_for_sota.ipynb,final/supporting,SOTA-related training and Figure 7 source values,source_notebook_preserved,"Figure 7 values are explicitly stored in plotting code; simulated SOTA curves are separately identified."
comparison_on_SOTA.ipynb,supporting_experiment,SOTA numerical comparison including 3-seed execution,source_notebook_preserved,"Results differ from manuscript Figure 7 and are retained separately."
Untitled23.ipynb,exploratory_experiment,Separate research suite with different seeds/experimental logic,source_notebook_preserved,"Do not treat as direct manuscript evidence without explicit mapping."
wandb_experiment_export.csv,supporting_record,W&B run metadata and metrics,exported,"Not raw trajectory data."
ablation_historical_reported_results.csv,historical_report,Thesis Table 4.5 values,historical_reported,"Real experiment; original report/raw output not recovered."
sota_figure_7_reported_values.csv,figure_source,Exact values stored for manuscript Figure 7,figure_source_values,"Not raw trajectory data."
sota_5000_training_runs_status.csv,execution_status,Records completed 5000-episode runs in new_test_for_sota,source_notebook_output,"No final numeric summary recovered from those cells."
