"Name","State","Notes","User","Tags","Created","Runtime","Sweep","batch_size","buffer_size","critic_lr","curriculum_stages","curriculum_threshold","dynamics_lr","dynamics_updates_per_step","ent_coef","eval_interval","exploration_decay","exploration_epsilon","fixed_num_adversaries","gamma","grad_clip","hidden_dim","imagination_batch_size","imagination_frequency","imagination_horizon","initial_exploration","max_episodes","model_buffer_size","num_ensemble_models","policy_lr","target_update_freq","tau","uncertainty_bonus_scale","use_curriculum","use_model","use_uncertainty","current_curriculum_stage","episode","eval/avg_reward","eval/win_rate","exploration_rate","metrics/episode_reward","metrics/episode_steps","train/critic_loss","train/dynamics_loss","train/extrinsic_reward_mean","train/imagination_samples","train/intrinsic_reward_mean","train/policy_loss"
"PHASE2_Sweep_Scale_0.0","crashed","-","","","2026-02-23T21:10:47.000Z","421","","128","20000","0.0001","[1,2,3]","-0.5","0.0001","30","0.5","10","0.9995","1","3","0.99","0.5","256","64","1","15","1000","50","20000","5","0.0001","100","0.005","0","true","true","false","1","20","-47.55000305175781","0","0.9895523341234284","-47.55000305175781","50","0.20097361505031583","177.8928466796875","0","20000","0","-0.8283724784851074"
"PHASE2_Sweep_Scale_0.001","finished","-","","","2026-02-23T20:47:52.000Z","1370","","128","20000","0.0001","[1,2,3]","-0.5","0.0001","30","0.5","10","0.9995","1","3","0.99","0.5","256","64","1","15","1000","50","20000","5","0.0001","100","0.005","0.001","true","true","true","1","40","-47.55000305175781","0","0.9797036738060284","2.4999988079071045","50","1.1792523860931396","13.496912956237791","-0.7038342515627544","20000","0.000005041122403781628","-0.46838024258613586"
"PHASE2_Sweep_Scale_0.01","finished","-","","","2026-02-23T20:25:09.000Z","1358","","128","20000","0.0001","[1,2,3]","-0.5","0.0001","30","0.5","10","0.9995","1","3","0.99","0.5","256","64","1","15","1000","50","20000","5","0.0001","100","0.005","0.01","true","true","true","1","40","-47.55000305175781","0","0.9797036738060284","2.4999988079071045","50","2.407395839691162","16.554026412963868","-0.7167595167954762","20000","0.00003440255107610331","-0.0911749005317688"
"PHASE2_Sweep_Scale_0.05","finished","-","","","2026-02-23T20:02:17.000Z","1366","","128","20000","0.0001","[1,2,3]","-0.5","0.0001","30","0.5","10","0.9995","1","3","0.99","0.5","256","64","1","15","1000","50","20000","5","0.0001","100","0.005","0.05","true","true","true","1","40","-17.520000457763672","0.6","0.9797036738060284","-47.55000305175781","50","29.704214096069336","118.60291595458985","-0.7482687652111053","20000","0.00015084462550779182","-0.4392118155956268"
"PHASE2_Sweep_Scale_0.1","finished","-","","","2026-02-23T19:39:22.000Z","1373","","128","20000","0.0001","[1,2,3]","-0.5","0.0001","30","0.5","10","0.9995","1","3","0.99","0.5","256","64","1","15","1000","50","20000","5","0.0001","100","0.005","0.1","true","true","true","1","40","-27.53000259399414","0.4","0.9797036738060284","-47.55000305175781","50","20.17589569091797","83.1713623046875","-0.5142165680726369","20000","0.00029430984674642485","-0.4824039340019226"
"PHASE2_Sweep_Scale_1.0","finished","-","","","2026-02-23T19:16:22.000Z","1379","","128","20000","0.0001","[1,2,3]","-0.5","0.0001","30","0.5","10","0.9995","1","3","0.99","0.5","256","64","1","15","1000","50","20000","5","0.0001","100","0.005","1","true","true","true","1","40","-27.53000259399414","0.4","0.9797036738060284","-47.55000305175781","50","37.9078254699707","2.9874433040618897","-0.04228017218410969","20000","0.0028260224654028812","-0.2074928879737854"
"PHASE2_Sweep_Scale_1.0","finished","-","","","2026-02-23T19:15:49.000Z","30","","128","20000","0.0001","[1,2,3]","-0.5","0.0001","30","0.5","10","0.9995","1","3","0.99","0.5","256","64","1","15","1000","500","20000","5","0.0001","100","0.005","1","true","true","true","1","10","-47.55000305175781","0","0.9945137293956112","2.4999988079071045","50","","","0","","0",""
"PHASE2_Sweep_Scale_1.0","crashed","-","","","2026-02-23T17:21:08.000Z","5491","","128","20000","0.0001","[1,2,3]","-0.5","0.0001","30","0.5","10","0.9995","1","3","0.99","0.5","256","64","1","15","1000","500","20000","5","0.0001","100","0.005","1","true","true","true","1","130","2.4999988079071045","1","0.9365837049617094","-47.55000305175781","50","2.8803324699401855","55.209624481201175","-0.1574973354736964","20000","0.002725114859640598","0.013710856437683104"
"PHASE2_Sweep_Scale_1.0","finished","-","","","2026-02-23T17:10:43.000Z","625","","128","20000","0.0001","[1,2,3]","-0.5","0.0001","30","0.5","10","0.9995","1","3","0.99","0.5","256","64","1","15","1000","500","20000","5","0.0001","100","0.005","1","true","true","true","1","20","-17.520000457763672","0.6","0.9895523341234284","2.4999988079071045","50","0.6469098329544067","173.1092559814453","-0.33501585324605304","20000","0.011731673032045364","-0.5507829189300537"
"PHASE2_Sweep_Scale_0.1","crashed","-","","","2025-10-16T16:22:16.000Z","19894","","128","20000","0.0001","[1,2,3]","-0.5","0.0001","30","0.5","10","0.9995","1","3","0.99","0.5","256","64","1","15","1000","500","20000","5","0.0001","100","0.005","0.1","true","true","true","1","430","2.4999988079071045","1","0.8060948262471712","2.4999988079071045","50","7.415452003479004","36.7478687286377","-1.0927462180455525","20000","0.0001969576289411634","0.0723339319229126"
"PHASE2_Sweep_Scale_1.0","finished","-","","","2025-10-16T09:55:29.000Z","23201","","128","20000","0.0001","[1,2,3]","-0.5","0.0001","30","0.5","10","0.9995","1","3","0.99","0.5","256","64","1","15","1000","500","20000","5","0.0001","100","0.005","1","true","true","true","1","490","2.4999988079071045","1","0.7822652547803074","2.4999988079071045","50","6.864626884460449","28.41122970581055","-0.7219939122597376","20000","0.001931560334439079","0.3965645432472229"
"STABILIZED_FULL_HYBRID_CURRICULUM_MAMBA","finished","-","","","2025-10-13T09:56:12.000Z","19701","","128","5000","0.0001","[1,2,3]","-0.5","0.0001","30","0.5","10","0.9995","1","3","0.99","0.5","256","64","1","15","5000","500","5000","5","0.0001","100","0.005","0.05","true","true","true","1","490","-37.540000915527344","0.2","0.7822652547803074","2.4999988079071045","50","37.7067985534668","14.97519416809082","","5000","","0.7945664525032043"
"PHASE2_BASE_SCALE_0_05","finished","-","","","2025-10-13T09:56:08.000Z","31581","","128","20000","0.0001","[1,2,3]","-0.5","0.0001","30","0.5","10","0.9995","1","3","0.99","0.5","256","64","1","15","1000","500","20000","5","0.0001","100","0.005","0.05","true","true","true","1","490","-17.520000457763672","0.6","0.7822652547803074","-47.55000305175781","50","21.717344284057617","88.69819641113281","-1.0767147541046145","20000","0.00012900300498586148","1.4366964101791382"
"PHASE2_BASE_SCALE_0_05","crashed","-","","","2025-10-09T09:59:33.000Z","34846","","128","20000","0.0001","[1,2,3]","-0.5","0.0001","30","0.5","10","0.9995","1","3","0.99","0.5","256","64","1","15","10000","5000","20000","5","0.0001","100","0.005","0.05","true","true","true","1","1360","-27.53000259399414","0.4","0.506277580659903","-47.55000305175781","50","40.18668365478515","120.79658813476564","-1.9112727642059328","20000","0.00013281886640470475","4.677353858947754"
"STABILIZED_FULL_HYBRID_CURRICULUM_MAMBA","crashed","-","","","2025-10-09T09:33:15.000Z","36420","","128","5000","0.0001","[1,2,3]","-0.5","0.0001","30","0.5","10","0.9995","1","3","0.99","0.5","256","64","1","15","5000","1500","5000","5","0.0001","100","0.005","0.05","true","true","true","1","660","-47.55000305175781","0","0.7185049726918316","-47.55000305175781","50","8.107291221618652","25.043088912963867","","5000","","0.9301847219467164"
"STABILIZED_FULL_HYBRID_CURRICULUM_MAMBA","finished","-","","","2025-10-09T09:26:50.000Z","110","","128","5000","0.0001","[1,2,3]","-0.5","0.0001","50","0.5","10","0.9995","1","3","0.99","0.5","256","64","5","20","5000","1500","5000","5","0.0001","100","0.005","0.1","true","true","true","3","1490","-3.530001163482666","0.4","1","0","0","","","","","",""
"STABILIZED_FULL_HYBRID_CURRICULUM_MAMBA","finished","-","","","2025-10-09T09:18:50.000Z","113","","128","5000","0.0001","[1,2,3]","-0.5","0.0001","30","0.5","10","0.9995","1","3","0.99","0.5","256","64","1","20","5000","1500","5000","5","0.0001","100","0.005","0.05","true","true","true","3","1490","-3.530001401901245","0.4","1","0","0","","","","","",""
"STABILIZED_FULL_HYBRID_CURRICULUM_MAMBA","crashed","-","","","2025-10-08T09:09:38.000Z","42856","","128","5000","0.0001","[1,2,3]","-0.5","0.0001","30","0.5","10","0.9995","1","3","0.99","0.5","256","64","1","15","5000","1500","5000","5","0.0001","100","0.005","0.05","true","true","true","1","950","-7.510001182556152","0.8","0.6215002817829193","2.4999988079071045","50","14.158406257629396","54.64543075561524","","5000","","3.31180191040039"
"STABILIZED_FULL_HYBRID_CURRICULUM_MAMBA","crashed","-","","","2025-10-07T19:17:43.000Z","10726","","128","5000","0.0001","[1,2,3]","-0.5","0.0001","30","0.5","10","0.9995","1","3","0.99","0.5","256","64","1","15","5000","1500","5000","5","0.0001","100","0.005","0.05","true","true","true","1","290","-27.53000259399414","0.4","0.8645584307019936","-47.55000305175781","50","6.959507465362549","11.678842735290528","","5000","","-0.1978318691253662"
"STABILIZED_FULL_HYBRID_CURRICULUM_MAMBA","finished","-","","","2025-10-07T19:15:42.000Z","120","","128","5000","0.0001","[1,2,3]","-0.5","0.0001","30","0.5","10","0.9995","1","3","0.99","0.5","256","64","1","15","5000","1500","5000","5","0.0001","100","0.005","0.05","true","true","true","","","","","","","","","","","","",""